{
  "coord_mean": -6.204051494598389,
  "coord_std": 444.6879577636719,
  "uv_mean": 5.708060264587402,
  "uv_std": 279.7080383300781,
  "edge_mean": 13.848438262939453,
  "edge_std": 308.5005187988281,
  "global_mean": [
    1535.017333984375,
    1119.3819580078125,
    3.4357638359069824,
    8.090277671813965,
    18.07638931274414,
    11.95138931274414,
    1074.121337890625,
    0.00650138920173049,
    2.253472328186035,
    1.7361111531499773e-05,
    2.536163330078125,
    4175.2978515625,
    6.723879814147949,
    6.413633823394775
  ],
  "global_std": [
    650.6935424804688,
    227.07801818847656,
    0.8656476736068726,
    1.5608633756637573,
    7.185855865478516,
    5.462727069854736,
    5.646667957305908,
    0.008364534005522728,
    0.43499889969825745,
    0.00013061281060799956,
    1.1592267751693726,
    3549.144287109375,
    4.04816198348999,
    3.996641159057617
  ],
  "drop_mean": 59082.5546875,
  "drop_std": 44587.07421875,
  "surface_types": [
    "bspline_surface",
    "cylinder",
    "plane",
    "sphere",
    "torus"
  ]
}